Chain ID,Model ID,Experiment instance
7b992eed02ac7faa616590f616cf8bae,4edb5b8d340f5e5cbba10c4ea550ea1e,Experiment_SV_20240303
c6613a14697180b3c796353671f3aaed,9b17d47c737a61fa11e8559ad1af0fae,Experiment_SV_20240303
f22f409d47117348d9351c1163571026,358f067dd2e0fc7d69a8f8ed2471ae99,Experiment_SV_20240303
fa181a74c3f6e8de715eee8da6035799,378d7230623aa89e7b083df21434f7bb,Experiment_SV_20240303
6ee288016666cbe2bc85333e7369cda1,e50ed7e0e906542254a7723fe555b9ea,Experiment_SV_20240303
f16edd3aaa549c4bd2d4d21915176751,91eadd25963b4aa5da634ffe57851c59,Experiment_SV_20240303
802c886dc92a5f9a256b2110392d71a3,71c5035aca5abed0e98b0d1ef5419f94,Experiment_SV_20240303
204af6b9f74e77f8d820bdf90f507246,be99db4def32b86c34851a8b91b7a2de,Experiment_SV_20240303
c84923a03c931cf5ea4c01d4baab879d,ff44a2c191495c88aca4d050f820f37e,Experiment_SV_20240303
22a2f4538c0a283960584925531af637,df89ebc94571fd5c42f0f4680ad499b9,Experiment_SV_20240303
1633dd9e2efbaad7c5b071ee07f690c0,07c05918f3aeadf419ebc9526dea0c4a,Experiment_SV_20240303
f2eaf0f6825b0039a2ced80fb75ca2cd,a86e6da24213dac222c42931287432ea,Experiment_SV_20240303
79e6951f995ebea24943d9af09957273,d8efa392c8366b2cc9480d1227d95f14,Experiment_SV_20240303
d31adbb9246ac9f771d762005c6e7d9a,899828115ddc8ed15ccb2ebf03ce74a4,Experiment_SV_20240303
a1496b4031f6ce69ae956c4846fb6be9,b12ed22cb96639d5961ab85867e7e9e7,Experiment_SV_20240303
3927f73226b69e578972eea600e04d30,0c43f0106545fa41b2589040cb2792f9,Experiment_SV_20240303
9d9ab640901bb027b8210e8c5fa2f8c0,f678dac7d40a57855f4648cec52fd5c7,Experiment_SV_20240303
f482e14f8043a02c25e8805fbdbc6484,3a79dad1075c43323c27832ff1a99f3d,Experiment_SV_20240303
ec140159afc696e7316ae16135f34bc6,98784b40d30831aa5702bcd39ae6d394,Experiment_SV_20240303
f1afec036c9b71566493df5bcde8770d,910377ac2203f33eb561593ec8ec3da9,Experiment_SV_20240303
